{
    "accuracies": [
        0.2972,
        0.4015,
        0.4586,
        0.5461,
        0.6178,
        0.6377,
        0.6936,
        0.7089,
        0.7383,
        0.7664,
        0.7914,
        0.8287,
        0.8252,
        0.8652,
        0.8822,
        0.8658,
        0.8945,
        0.8594,
        0.9044,
        0.8923,
        0.904,
        0.9089,
        0.9237,
        0.9212,
        0.9251,
        0.9218,
        0.9366,
        0.9322,
        0.9237,
        0.9323,
        0.9335,
        0.9394,
        0.9395,
        0.9381,
        0.947,
        0.9359,
        0.9405,
        0.9375,
        0.9493,
        0.9485,
        0.9507,
        0.9476,
        0.952,
        0.953,
        0.9501,
        0.9569,
        0.955,
        0.9535,
        0.9597,
        0.9523,
        0.9609,
        0.9606,
        0.9597,
        0.9599,
        0.9622,
        0.9592,
        0.9617,
        0.9644,
        0.9595,
        0.9607,
        0.9637,
        0.9642,
        0.9659,
        0.9674,
        0.9663,
        0.9651,
        0.9654,
        0.9646,
        0.964,
        0.9637,
        0.9664,
        0.9698,
        0.9642,
        0.9676,
        0.9671,
        0.9648,
        0.9692,
        0.9696,
        0.9705,
        0.9708,
        0.9655,
        0.9725,
        0.9725,
        0.9688,
        0.9706,
        0.9743,
        0.9748,
        0.9681,
        0.9727,
        0.9691,
        0.9732,
        0.967,
        0.969,
        0.9757,
        0.9751,
        0.9749,
        0.9769,
        0.9701,
        0.9738,
        0.9759
    ],
    "test_losses": [
        1.7887088441848755,
        1.4788833724975585,
        1.3650398599624634,
        1.152141957092285,
        1.0155922969818114,
        0.9568275068283081,
        0.8537338359832763,
        0.8105175329208374,
        0.748915506362915,
        0.6973254789352417,
        0.6196685293197631,
        0.5399697381019593,
        0.5304989803314208,
        0.4454411814689636,
        0.39667097482681274,
        0.416498371887207,
        0.3475286125183105,
        0.4333255160331726,
        0.3161374480724335,
        0.3554845503807068,
        0.30370853548049925,
        0.2978364412307739,
        0.2613329015731812,
        0.25322958197593687,
        0.25241277198791506,
        0.26019861116409304,
        0.21122032380104064,
        0.22121107549667357,
        0.24578263249397278,
        0.21995407876968384,
        0.21418349118232727,
        0.20121753005981446,
        0.1958188328266144,
        0.20107054319381715,
        0.17807570819854737,
        0.21073535408973693,
        0.19374318709373475,
        0.20428580513000488,
        0.16134284291267395,
        0.1704559519290924,
        0.15580817966461183,
        0.16909832282066345,
        0.15367598898410798,
        0.15308927240371703,
        0.15528911852836608,
        0.14107945537567138,
        0.1439758553981781,
        0.15070781669616698,
        0.131533460855484,
        0.15008542070388795,
        0.12200272164344787,
        0.1264730280637741,
        0.12615625450611115,
        0.12802484471797942,
        0.12525013103485108,
        0.12682563734054567,
        0.1270581223487854,
        0.11427265386581421,
        0.12864070491790772,
        0.12338545651435852,
        0.11388550100326537,
        0.11401055455207824,
        0.10767011556625367,
        0.1043077980041504,
        0.10510041108131409,
        0.10474451928138732,
        0.10750410907268525,
        0.11286282205581664,
        0.11361136775016785,
        0.11719274549484253,
        0.11219845466613769,
        0.09326619443893433,
        0.11627581074237824,
        0.10441298143863678,
        0.10018544943332672,
        0.10791209106445313,
        0.09331036121845246,
        0.0921196225643158,
        0.09419954791069031,
        0.0905430214881897,
        0.10502862975597381,
        0.08553946517705917,
        0.08888823156356812,
        0.09833353703022003,
        0.09759451885223389,
        0.0818303475856781,
        0.08000650851726532,
        0.10300041563510895,
        0.08723359251022339,
        0.10312039363384247,
        0.090075261926651,
        0.10520681986808778,
        0.09718000986576081,
        0.07990620300769806,
        0.08217304813861846,
        0.08340969575643539,
        0.07819502837657928,
        0.09254620833396912,
        0.0894176516532898,
        0.07877693667411804
    ],
    "train_losses": [
        2.0655072326024375,
        1.670250967089335,
        1.4412831537882487,
        1.2759216316858928,
        1.0940667092323304,
        1.0113533655484517,
        0.923264645576477,
        0.8722663234710694,
        0.8241183238983154,
        0.7389150445461273,
        0.670826380221049,
        0.6221508701006572,
        0.5606743569374084,
        0.5174483403205872,
        0.462409908246994,
        0.43144438842137656,
        0.41362269449234007,
        0.38458906637827556,
        0.3700282877445221,
        0.3420288682301839,
        0.34340924624602,
        0.3166224909305573,
        0.3117062476078669,
        0.28995208333333333,
        0.2771353663365046,
        0.2703155838171641,
        0.26041639206409456,
        0.25807805382410687,
        0.2517483781337738,
        0.24066443401177723,
        0.23123547541300457,
        0.22213382920424143,
        0.22276953533490498,
        0.21737543267409007,
        0.20750271356900532,
        0.20635160366694133,
        0.19434045916398365,
        0.19142945872942607,
        0.18952166047096253,
        0.18215543140570323,
        0.17769878752628962,
        0.16645498431523642,
        0.17581236308415732,
        0.16300167144139607,
        0.1643553827603658,
        0.15955925788084666,
        0.15814315816164018,
        0.15070241384506225,
        0.14961033362547557,
        0.14969704729715982,
        0.13897344919045765,
        0.1388279588341713,
        0.1332589059472084,
        0.13200907884438834,
        0.13375927534898122,
        0.1325417709072431,
        0.12620914602279662,
        0.12537567210992176,
        0.1275416677435239,
        0.11553805527289708,
        0.11676958027680714,
        0.11298607665697734,
        0.11106098943551382,
        0.10742349989016851,
        0.10948137540817261,
        0.10371676171223322,
        0.10866004336277643,
        0.10715654848416646,
        0.10370475047826767,
        0.10122285399834315,
        0.09830244514644146,
        0.09559757426182429,
        0.09800099976062775,
        0.09643953012228013,
        0.09158824124336243,
        0.09449510664939881,
        0.09295802416801453,
        0.08928384063442549,
        0.08656624431014061,
        0.08305634169975916,
        0.08494823098977407,
        0.08681899803479512,
        0.07947606116135915,
        0.08190124105215073,
        0.07875723802646001,
        0.08036842707395554,
        0.08008149346709251,
        0.07427150831222534,
        0.07544459689855576,
        0.07274342643419901,
        0.07672822427550952,
        0.07500412608186403,
        0.07143024644851685,
        0.07020069980621338,
        0.07262552695373695,
        0.0651588634510835,
        0.06618911002079646,
        0.06437422055502733,
        0.06696732241710027,
        0.06624716219504674
    ]
}